-- MySQL dump 10.13  Distrib 8.0.37, for Linux (x86_64)
--
-- Host: localhost    Database: holi_operations
-- ------------------------------------------------------
-- Server version	8.0.37-0ubuntu0.22.04.3

/*!40101 SET @OLD_CHARACTER_SET_CLIENT=@@CHARACTER_SET_CLIENT */;
/*!40101 SET @OLD_CHARACTER_SET_RESULTS=@@CHARACTER_SET_RESULTS */;
/*!40101 SET @OLD_COLLATION_CONNECTION=@@COLLATION_CONNECTION */;
/*!50503 SET NAMES utf8mb4 */;
/*!40103 SET @OLD_TIME_ZONE=@@TIME_ZONE */;
/*!40103 SET TIME_ZONE='+00:00' */;
/*!40014 SET @OLD_UNIQUE_CHECKS=@@UNIQUE_CHECKS, UNIQUE_CHECKS=0 */;
/*!40014 SET @OLD_FOREIGN_KEY_CHECKS=@@FOREIGN_KEY_CHECKS, FOREIGN_KEY_CHECKS=0 */;
/*!40101 SET @OLD_SQL_MODE=@@SQL_MODE, SQL_MODE='NO_AUTO_VALUE_ON_ZERO' */;
/*!40111 SET @OLD_SQL_NOTES=@@SQL_NOTES, SQL_NOTES=0 */;

--
-- Table structure for table `authors`
--

DROP TABLE IF EXISTS `authors`;
/*!40101 SET @saved_cs_client     = @@character_set_client */;
/*!50503 SET character_set_client = utf8mb4 */;
CREATE TABLE `authors` (
  `author_id` int unsigned NOT NULL AUTO_INCREMENT,
  `name` varchar(100) NOT NULL,
  `nationality` varchar(3) DEFAULT NULL,
  PRIMARY KEY (`author_id`)
) ENGINE=InnoDB AUTO_INCREMENT=100 DEFAULT CHARSET=utf8mb4 COLLATE=utf8mb4_0900_ai_ci;
/*!40101 SET character_set_client = @saved_cs_client */;

--
-- Dumping data for table `authors`
--

LOCK TABLES `authors` WRITE;
/*!40000 ALTER TABLE `authors` DISABLE KEYS */;
INSERT INTO `authors` VALUES (1,'Dave Grohl','USA'),
(2,'Aldous Huxley','GBR'),
(3,'Eric Ries','USA'),
(4,'Gabriel Garcia Marquez','COL'),
(5,'J.K. Rowling','GBR'),
(6,'George R.R. Martin','USA'),
(7,'Stephen King','USA'),
(8,'Jane Austen','GBR'),
(9,'Leo Tolstoy','RUS'),
(10,'Fyodor Dostoevsky','RUS'),
(11,'Herman Melville','USA'),
(12,'J.R.R. Tolkien','GBR'),
(13,'Charles Dickens','GBR'),
(14,'Agatha Christie','GBR'),
(15,'Isaac Asimov','USA'),
(16,'Philip K. Dick','USA'),
(17,'H.P. Lovecraft','USA'),
(18,'Arthur C. Clarke','GBR'),
(19,'Orson Scott Card','USA'),
(20,'Ursula K. Le Guin','USA'),
(21,'Margaret Atwood','CAN'),
(22,'Neil Gaiman','GBR'),
(23,'Douglas Adams','GBR'),
(24,'Michael Moorcock','GBR'),
(25,'Anne Rice','USA'),
(26,'Ray Bradbury','USA'),
(27,'J.D. Salinger','USA'),
(28,'John Steinbeck','USA'),
(29,'Kurt Vonnegut','USA'),
(30,'James Joyce','IRL'),
(31,'Ernest Hemingway','USA'),
(32,'F. Scott Fitzgerald','USA'),
(33,'Herman Hesse','DEU'),
(34,'Gustave Flaubert','FRA'),
(35,'Marcel Proust','FRA'),
(36,'Albert Camus','FRA'),
(37,'Victor Hugo','FRA'),
(38,'Jules Verne','FRA'),
(39,'Mario Vargas Llosa','PER'),
(40,'Pablo Neruda','CHI'),
(41,'Isabel Allende','CHI'),
(42,'Luis Sepulveda','CHI'),
(43,'Juan Rulfo','MEX'),
(44,'Carlos Fuentes','MEX'),
(45,'Octavio Paz','MEX'),
(46,'Julio Cortázar','ARG'),
(47,'Manuel Puig','ARG'),
(48,'Roberto Bolaño','CHI'),
(49,'William Gibson','USA'),
(50,'Bruce Sterling','USA'),
(51,'Neal Stephenson','USA'),
(52,'John Brunner','GBR'),
(53,'Alastair Reynolds','GBR'),
(54,'Iain M. Banks','GBR'),
(55,'Liu Cixin','CHN'),
(56,'Cory Doctorow','CAN'),
(57,'Ada Lovelace','GBR'),
(58,'Alan Turing','GBR'),
(59,'Douglas Rushkoff','USA'),
(60,'Clay Shirky','USA'),
(61,'Nicholas Carr','USA'),
(62,'Shoshana Zuboff','USA'),
(63,'David Eagleman','USA'),
(64,'James Gleick','USA'),
(65,'Michael Lewis','USA'),
(66,'Eric Schmidt','USA'),
(67,'Sundar Pichai','IND'),
(68,'Ashlee Vance','USA'),
(69,'Tim Berners-Lee','GBR'),
(70,'Jaron Lanier','USA'),
(71,'Stewart Brand','USA'),
(72,'Howard Rheingold','USA'),
(73,'Manuel Castells','ESP'),
(74,'Don Tapscott','CAN'),
(75,'Kevin Kelly','USA'),
(76,'Ray Kurzweil','USA'),
(77,'Michio Kaku','USA'),
(78,'Ralph Merkle','USA'),
(79,'Gerd Leonhard','DEU'),
(80,'David Weinberger','USA'),
(81,'Geoffrey Hinton','CAN'),
(82,'Andrew Ng','USA'),
(83,'Yoshua Bengio','CAN'),
(84,'Demis Hassabis','GBR'),
(85,'Daniel Kahneman','ISR'),
(86,'Steven Pinker','USA'),
(87,'Yuval Noah Harari','ISR'),
(88,'Daniel Dennett','USA'),
(89,'David Chalmers','AUS'),
(90,'Nick Bostrom','GBR'),
(91,'Nassim Nicholas Taleb','USA'),
(92,'Judy Wajcman','GBR'),
(93,'Sherry Turkle','USA'),
(94,'Angela Saini','GBR'),
(95,'Cathy O’Neil','USA'),
(96,'Chris Anderson','USA'),
(97,'Tom Friedman','USA'),
(98,'Peter Thiel','USA'),
(99,'Richard Dawkins','GBR');
/*!40000 ALTER TABLE `authors` ENABLE KEYS */;
UNLOCK TABLES;

--
-- Table structure for table `books`
--

DROP TABLE IF EXISTS `books`;
/*!40101 SET @saved_cs_client     = @@character_set_client */;
/*!50503 SET character_set_client = utf8mb4 */;
CREATE TABLE `books` (
  `book_id` int unsigned NOT NULL AUTO_INCREMENT,
  `author_id` int unsigned DEFAULT NULL,
  `title` varchar(100) NOT NULL,
  `year` int unsigned NOT NULL DEFAULT '1900',
  `language` varchar(2) NOT NULL DEFAULT 'es' COMMENT 'ISO 639-1 language',
  `cover_url` varchar(500) DEFAULT NULL,
  `price` double(6,2) NOT NULL DEFAULT '10.00',
  `sellable` tinyint(1) DEFAULT '1',
  `copies` int NOT NULL DEFAULT '1',
  `description` text,
  PRIMARY KEY (`book_id`)
) ENGINE=InnoDB AUTO_INCREMENT=957 DEFAULT CHARSET=utf8mb4 COLLATE=utf8mb4_0900_ai_ci;
/*!40101 SET character_set_client = @saved_cs_client */;

--
-- Dumping data for table `books`
--

LOCK TABLES `books` WRITE;
/*!40000 ALTER TABLE `books` DISABLE KEYS */;
INSERT INTO `books` VALUES (1,1,'The Storyteller: Tales of Life and Music',2021,'en',NULL,15.42,1,5,'A memoir by Dave Grohl, recounting his experiences as a musician and his journey through the world of rock and roll.'),
(2,2,'Brave New World',1932,'en',NULL,38.45,1,10,'A dystopian novel set in a futuristic society characterized by technological advancements and social stability at the cost of individuality.'),
(3,3,'The Lean Startup',2011,'en',NULL,40.10,1,7,'A guide to building successful startups through a methodology that emphasizes rapid prototyping and customer feedback.'),
(4,4,'One Hundred Years of Solitude',1967,'es',NULL,37.65,1,8,'A multi-generational novel that explores the magical realism of the Buendía family in the fictional town of Macondo.'),
(5,5,'Harry Potter and the Sorcerer\'s Stone',1997,'en',NULL,49.50,1,15,'The first book in the Harry Potter series, where young Harry discovers his magical heritage and attends Hogwarts School of Witchcraft and Wizardry.'),
(6,9,'War and Peace',1869,'ru',NULL,47.48,1,11,'An epic historical novel that covers the Napoleonic Wars and the impact of these events on Russian aristocratic families.'),
(7,10,'Crime and Punishment',1866,'ru',NULL,28.25,1,9,'A psychological novel that explores the moral dilemmas and consequences faced by a young man who commits a crime.'),
(8,11,'Moby-Dick',1851,'en',NULL,30.51,1,7,'A novel about Captain Ahab\'s obsessive quest to hunt the white whale, Moby Dick, and the consequences of his obsession.'),
(9,13,'Great Expectations',1861,'en',NULL,14.97,1,8,'A coming-of-age novel that tells the story of Pip and his growth from an orphan into a gentleman with great expectations.'),
(10,14,'Murder on the Orient Express',1934,'en',NULL,13.58,1,6,'A classic mystery novel featuring detective Hercule Poirot solving a murder on a luxurious train journey.'),
(11,17,'The Call of Cthulhu',1928,'en',NULL,29.75,1,5,'A horror novella that introduces the cosmic entity Cthulhu and explores the theme of forbidden knowledge.'),
(12,19,'Ender\'s Game',1985,'en',NULL,49.20,1,11,'A science fiction novel about a young boy trained to become a military leader in a future war against alien invaders.'),
(13,24,'Elric of Melnibone',1972,'en',NULL,40.70,1,6,'The first novel in the Elric series, introducing the anti-hero Elric and his cursed sword Stormbringer.'),
(14,25,'Interview with the Vampire',1976,'en',NULL,42.59,1,8,'A novel that tells the story of Louis, a vampire recounting his life and experiences to a reporter.'),
(15,26,'Fahrenheit 451',1953,'en',NULL,13.58,1,10,'A dystopian novel about a future where books are banned and \'firemen\' burn any that are found.'),
(16,27,'The Catcher in the Rye',1951,'en',NULL,19.53,1,11,'A novel about the teenage angst and alienation experienced by Holden Caulfield, a young man in post-war New York City.'),
(17,28,'The Grapes of Wrath',1939,'en',NULL,23.81,1,7,'A novel about the struggles of an impoverished family during the Great Depression as they migrate west in search of a better life.'),
(18,29,'Slaughterhouse-Five',1969,'en',NULL,18.85,1,9,'A satirical novel that follows Billy Pilgrim\'s experiences during World War II and his encounters with time travel and extraterrestrials.'),
(19,30,'Ulysses',1922,'en',NULL,18.38,1,10,'A modernist novel that parallels Homer\'s Odyssey through the experiences of Leopold Bloom in Dublin.'),
(20,31,'The Old Man and the Sea',1952,'en',NULL,11.00,1,6,'A novella about an aging fisherman who struggles to catch a giant marlin, symbolizing his battle with nature and personal pride.'),
(21,32,'The Great Gatsby',1925,'en',NULL,13.70,1,8,'A novel about the decadence of the Jazz Age and the disillusionment of the American Dream through the character of Jay Gatsby.'),
(22,33,'Siddhartha',1922,'de',NULL,33.73,1,7,'A philosophical novel about a man\'s journey to enlightenment and self-discovery in ancient India.'),
(23,34,'Madame Bovary',1857,'fr',NULL,27.22,1,8,'A novel about a woman\'s dissatisfaction with her provincial life and her quest for romantic fulfillment.'),
(24,35,'In Search of Lost Time',1913,'fr',NULL,33.75,1,10,'A monumental novel exploring memory and social change through the experiences of the narrator, Marcel.'),
(25,36,'The Stranger',1942,'fr',NULL,40.90,1,7,'A novel about an emotionally detached man who becomes entangled in a murder trial and existential reflections on life and death.'),
(26,37,'Les Misérables',1862,'fr',NULL,23.65,1,11,'An epic novel about the struggles of various characters in post-revolutionary France and their search for justice and redemption.'),
(27,38,'Twenty Thousand Leagues Under the Sea',1870,'fr',NULL,35.50,1,8,'A science fiction adventure novel about Captain Nemo and his submarine, the Nautilus, exploring the depths of the ocean.'),
(28,39,'The Time of the Hero',1963,'es',NULL,20.55,1,6,'A novel about life in a military academy in Peru and the corruption and rebellion that occur among the cadets.'),
(29,40,'Twenty Love Poems and a Song of Despair',1924,'es',NULL,28.17,1,7,'A collection of passionate and lyrical poems exploring themes of love and loss.'),
(30,41,'The House of the Spirits',1982,'es',NULL,29.79,1,8,'A novel blending magical realism and historical fiction, chronicling the lives of the Trueba family in Chile.'),
(31,42,'The Old Man Who Read Love Stories',1992,'es',NULL,24.00,1,6,'A novel about an elderly man in the Amazon who reads romance novels and contends with the changes brought by modernization.'),
(32,43,'Pedro Páramo',1955,'es',NULL,18.25,1,7,'A novel about a man\'s quest to find his father in a ghostly town filled with echoes of the past.'),
(33,44,'The Death of Artemio Cruz',1962,'es',NULL,35.05,1,8,'A novel exploring Mexican history and politics through the reflections of a dying man.'),
(34,45,'The Labyrinth of Solitude',1950,'es',NULL,38.90,1,7,'A collection of essays reflecting on Mexican identity and culture.'),
(35,46,'Hopscotch',1963,'es',NULL,30.44,1,6,'A novel known for its experimental narrative structure and exploration of existential themes.'),
(36,47,'Kiss of the Spider Woman',1976,'es',NULL,18.88,1,7,'A novel set in an Argentine prison, focusing on the relationship between two men who bond over stories of film and love.'),
(37,48,'2666',2004,'es',NULL,29.35,1,9,'A sprawling novel that interweaves various stories and characters connected to the mysterious disappearance of a writer.'),
(38,49,'Neuromancer',1984,'en',NULL,27.97,1,10,'A cyberpunk novel that follows a washed-up computer hacker hired for one last job in a dystopian future.'),
(39,50,'Islands in the Net',1988,'en',NULL,14.78,1,6,'A novel set in a future of high-tech crime and corporate intrigue, focusing on the battle over control of information.'),
(40,51,'Snow Crash',1992,'en',NULL,18.24,1,8,'A novel that combines cyberpunk and satire, following a pizza delivery driver who uncovers a dangerous virtual drug.'),
(41,52,'Stand on Zanzibar',1968,'en',NULL,31.61,1,7,'A science fiction novel that explores overpopulation and social change through multiple perspectives.'),
(42,53,'Revelation Space',2000,'en',NULL,27.07,1,6,'A space opera that follows a crew investigating a mysterious alien artifact and the consequences of their discoveries.'),
(43,54,'Consider Phlebas',1987,'en',NULL,25.94,1,7,'The first book in the Culture series, focusing on a mercenary\'s adventures in a conflict between two civilizations.'),
(44,55,'The Three-Body Problem',2008,'zh',NULL,20.70,1,9,'A science fiction novel about first contact with an alien civilization and the consequences for humanity.'),
(45,56,'Little Brother',2008,'en',NULL,19.44,1,6,'A novel about a teenager\'s fight against government surveillance and authoritarianism in a near-future dystopia.'),
(46,57,'Notes by Ada Lovelace on the Analytical Engine',1843,'en',NULL,45.40,1,5,'A collection of notes and annotations by Ada Lovelace on Charles Babbage\'s early mechanical computer, the Analytical Engine.'),
(47,58,'Computing Machinery and Intelligence',1950,'en',NULL,49.87,1,6,'An influential paper by Alan Turing discussing the concept of artificial intelligence and the Turing Test.'),
(48,59,'Present Shock',2013,'en',NULL,12.50,1,7,'A book examining the effects of living in a constantly connected, instant-gratification culture.'),
(49,60,'Here Comes Everybody',2008,'en',NULL,10.27,1,8,'A book about the impact of social media on communication and organizing in the digital age.'),
(50,61,'The Shallows',2010,'en',NULL,35.80,1,7,'A book exploring how the internet is affecting our cognitive processes and attention spans.'),
(51,62,'The Age of Surveillance Capitalism',2019,'en',NULL,47.36,1,9,'A critical analysis of how major tech companies exploit personal data for profit.'),
(52,63,'Incognito: The Secret Lives of the Brain',2011,'en',NULL,42.94,1,6,'A book exploring the mysteries of the subconscious mind and how it shapes our behavior.'),
(53,64,'The Information',2011,'en',NULL,19.34,1,7,'A history of information technology and its impact on human society.'),
(54,65,'The Big Short',2010,'en',NULL,35.81,1,8,'A non-fiction book about the events leading up to the 2008 financial crisis and the individuals who predicted it.'),
(55,66,'How Google Works',2014,'en',NULL,39.39,1,6,'A book offering insights into the strategies and culture behind Google\'s success.'),
(56,67,'The Making of a Leader',2022,'en',NULL,29.12,1,7,'A memoir by Sundar Pichai detailing his journey from India to becoming CEO of Google.'),
(57,68,'Elon Musk: Tesla, SpaceX, and the Quest for a Fantastic Future',2015,'en',NULL,20.90,1,9,'A biography of Elon Musk, exploring his ventures and impact on technology and space exploration.'),
(58,69,'Weaving the Web',1999,'en',NULL,16.27,1,6,'A book by the inventor of the World Wide Web detailing its creation and future.'),
(59,70,'You Are Not a Gadget',2010,'en',NULL,12.58,1,7,'A critique of the digital age and its impact on individuality and creativity.'),
(60,71,'How Buildings Learn',1994,'en',NULL,48.00,1,6,'A book about the evolution of buildings and the concept of design that accommodates change.'),
(61,72,'The Virtual Community',1993,'en',NULL,41.01,1,7,'A book exploring online communities and their impact on human interaction and society.'),
(62,73,'The Rise of the Network Society',1996,'es',NULL,35.05,1,8,'A sociological study of how networked technologies are transforming society and the economy.'),
(63,74,'Blockchain Revolution',2016,'en',NULL,35.12,1,6,'A book about how blockchain technology is changing business and society.'),
(64,75,'What Technology Wants',2010,'en',NULL,20.94,1,7,'A book exploring the future of technology and its role in shaping human evolution.'),
(65,76,'The Singularity Is Near',2005,'en',NULL,41.29,1,9,'A book predicting the future of technological advancements and their potential impact on humanity.'),
(66,77,'The Future of the Mind',2014,'en',NULL,37.93,1,7,'A book exploring the possibilities of brain-computer interfaces and the future of human consciousness.'),
(67,78,'The Age of Nanotechnology',2000,'en',NULL,23.49,1,5,'A book about the potential and implications of nanotechnology in various fields.'),
(68,79,'Technology vs. Humanity',2016,'de',NULL,31.14,1,6,'A book examining the impact of technology on human values and the future of humanity.'),
(69,80,'Too Big to Know',2011,'en',NULL,25.15,1,7,'A book about how the internet is changing our understanding of knowledge and information.'),
(70,81,'Neural Networks for Machine Learning',2012,'en',NULL,11.13,1,8,'A comprehensive guide to neural networks and their applications in machine learning.'),
(71,82,'Machine Learning Yearning',2018,'en',NULL,19.59,1,7,'A book providing practical advice for building machine learning systems.'),
(72,83,'Deep Learning',2016,'en',NULL,10.32,1,9,'A foundational text on deep learning, written by leading experts in the field.'),
(73,84,'AlphaGo and the Future of Artificial Intelligence',2018,'en',NULL,15.75,1,6,'A book discussing the development of AlphaGo and its implications for the future of AI.'),
(74,85,'Thinking, Fast and Slow',2011,'he',NULL,10.60,1,8,'A groundbreaking book on human decision-making and cognitive biases.'),
(75,86,'Enlightenment Now',2018,'en',NULL,39.47,1,7,'A book advocating for the benefits of Enlightenment values and progress in human societies.'),
(76,87,'Sapiens: A Brief History of Humankind',2011,'he',NULL,34.10,1,9,'A sweeping history of the human species from the emergence of Homo sapiens to the present.'),
(77,88,'Consciousness Explained',1991,'en',NULL,21.21,1,6,'A book offering a theory of consciousness and the nature of subjective experience.'),
(78,89,'The Conscious Mind',1996,'en',NULL,22.92,1,7,'A philosophical exploration of the nature of consciousness and the \'hard problem\' of subjective experience.'),
(79,90,'Superintelligence',2014,'en',NULL,25.89,1,8,'A book exploring the potential risks and benefits of advanced artificial intelligence.'),
(80,91,'The Black Swan',2007,'en',NULL,30.07,1,9,'A book about the impact of rare and unpredictable events on our lives and decision-making.'),
(81,92,'Pressed for Time',2015,'en',NULL,44.45,1,7,'A book examining how technological advancements affect our perception of time and work.'),
(82,93,'Alone Together',2011,'en',NULL,19.22,1,6,'A book exploring the impact of technology on human relationships and social interactions.'),
(83,94,'Inferior',2017,'en',NULL,12.25,1,7,'A book challenging myths about gender differences and highlighting the impact of scientific research on gender equality.'),
(84,95,'Weapons of Math Destruction',2016,'en',NULL,44.71,1,8,'A book examining how big data and algorithms can perpetuate inequality and injustice.'),
(85,96,'The Long Tail',2006,'en',NULL,46.74,1,7,'A book about how the internet and digital technology are changing the economics of supply and demand.'),
(86,97,'The World is Flat',2005,'en',NULL,29.16,1,6,'A book discussing globalization and the ways in which technology has leveled the playing field for businesses and individuals.'),
(87,98,'Zero to One',2014,'en',NULL,36.90,1,8,'A book about innovation and creating startups that build new technologies and markets.'),
(88,99,'The Selfish Gene',1976,'en',NULL,14.16,1,7,'A book presenting the gene-centered view of evolution and the concept of \'selfish\' genes.'),
(89,22,'Neverwhere',1996,'en',NULL,38.51,1,7,'A novel about a man who discovers a hidden, magical world beneath London after helping a mysterious girl.'),
(90,20,'The Dispossessed',1974,'en',NULL,43.26,1,8,'A science fiction novel exploring anarchist and capitalist societies through the life of a physicist from an isolated planet.'),
(91,16,'A Scanner Darkly',1977,'en',NULL,34.39,1,6,'A dystopian novel about a drug-enforced surveillance society and the blurred lines between reality and identity.'),
(92,15,'I, Robot',1950,'en',NULL,23.16,1,7,'A collection of interconnected short stories about robots and the ethical dilemmas of artificial intelligence.'),
(93,18,'Childhood\'s End',1953,'en',NULL,35.53,1,9,'A science fiction novel about the peaceful alien invasion of Earth and the subsequent evolution of humanity.'),
(94,19,'Speaker for the Dead',1986,'en',NULL,33.69,1,8,'The second book in the Ender\'s Game series, exploring themes of xenology and the complexities of interspecies communication.'),
(95,21,'Oryx and Crake',2003,'en',NULL,20.19,1,7,'A dystopian novel set in a future where genetic engineering has led to ecological collapse and social upheaval.'),
(96,23,'Dirk Gently\'s Holistic Detective Agency',1987,'en',NULL,38.65,1,6,'A comedic novel featuring a detective who solves cases based on a holistic view of interconnectedness.'),
(97,24,'The Eternal Champion',1970,'en',NULL,40.74,1,7,'A novel introducing the concept of the Eternal Champion, a recurring hero across multiple fantasy and science fiction settings.'),
(98,25,'The Vampire Lestat',1985,'en',NULL,24.49,1,8,'The second book in The Vampire Chronicles series, focusing on the life and adventures of the vampire Lestat.'),
(99,26,'Something Wicked This Way Comes',1962,'en',NULL,12.03,1,6,'A horror novel about two boys who encounter a sinister traveling carnival with dark intentions.'),
(100,27,'Franny and Zooey',1961,'en',NULL,28.68,1,7,'A novel consisting of two connected stories about the Glass family and their philosophical and existential struggles.'),
(101,28,'Of Mice and Men',1937,'en',NULL,44.54,1,8,'A novella about two displaced migrant ranch workers during the Great Depression and their dreams of a better future.'),
(102,29,'Cat\'s Cradle',1963,'en',NULL,37.18,1,6,'A satirical novel about the creation of a substance that can destroy the world and the absurdities of human behavior.'),
(103,30,'Dubliners',1914,'en',NULL,16.03,1,7,'A collection of short stories capturing the everyday life and struggles of Dubliners in the early 20th century.'),
(104,31,'A Farewell to Arms',1929,'en',NULL,30.84,1,8,'A novel about the love affair between an American ambulance driver and a British nurse during World War I.'),
(105,32,'Tender Is the Night',1934,'en',NULL,48.76,1,6,'A novel about the lives of a glamorous couple and their disintegration amidst personal and financial troubles.'),
(106,33,'Steppenwolf',1927,'de',NULL,49.09,1,8,'A novel exploring the dual nature of the protagonist\'s psyche and his quest for self-understanding and transformation.'),
(107,34,'Bouvard et Pécuchet',1881,'fr',NULL,32.75,1,7,'A satirical novel about two clerks who attempt to master various professions and end up failing comically.'),
(108,35,'Swann\'s Way',1913,'fr',NULL,41.42,1,7,'The first volume of In Search of Lost Time, focusing on the narrator\'s reflections on love and memory.'),
(109,36,'The Myth of Sisyphus',1942,'fr',NULL,13.32,1,6,'A philosophical essay exploring the concept of the absurd and the human condition.'),
(110,37,'The Hunchback of Notre-Dame',1831,'fr',NULL,22.32,1,8,'A novel about the tragic love story of the hunchback Quasimodo and the beautiful gypsy Esmeralda.'),
(111,38,'Journey to the Center of the Earth',1864,'fr',NULL,28.48,1,7,'A science fiction adventure about an expedition to the Earth\'s core and the strange discoveries made along the way.'),
(112,39,'Conversation in the Cathedral',1969,'es',NULL,19.85,1,6,'A novel that delves into the corruption and political turmoil of 20th-century Peru through a conversation between two men.'),
(113,40,'The Book of Questions',1991,'es',NULL,19.52,1,7,'A poetic exploration of life\'s profound questions and existential themes through a series of poetic inquiries.'),
(114,41,'The Japanese Lover',2015,'es',NULL,31.88,1,8,'A novel that interweaves the stories of a Jewish woman and her secret Japanese lover during World War II.'),
(115,42,'The Shadow of What We Were',2019,'es',NULL,46.63,1,6,'A novel about the political and personal consequences of dictatorship in Chile.'),
(116,43,'The Plain in Flames',1963,'es',NULL,46.84,1,7,'A collection of short stories capturing the harsh realities and mystical elements of rural Mexico.'),
(117,44,'Aura',1962,'es',NULL,15.78,1,8,'A novella about a young man\'s mysterious encounter with an elderly woman and her enigmatic niece.'),
(118,45,'In Light of India',1995,'es',NULL,20.32,1,6,'A collection of essays reflecting on the cultural and political landscape of India.'),
(119,46,'Blow-Up and Other Stories',1962,'es',NULL,21.81,1,7,'A collection of short stories blending the fantastical and the ordinary in innovative narrative forms.'),
(120,47,'The Buenos Aires Affair',1998,'es',NULL,44.45,1,7,'A novel featuring a complex narrative about political intrigue and personal relationships in Argentina.'),
(121,48,'The Savage Detectives',1998,'es',NULL,15.74,1,8,'A novel following the lives of two poets and their quest for a mysterious figure in the literary world.'),
(122,49,'Count Zero',1986,'en',NULL,36.48,1,7,'A sequel to Neuromancer, continuing the exploration of cyberspace and corporate espionage.'),
(123,50,'Schismatrix',1985,'en',NULL,15.69,1,6,'A science fiction novel about the conflicts between post-human factions and their visions of future evolution.'),
(124,51,'The Diamond Age',1995,'en',NULL,13.28,1,7,'A novel set in a nanotech future, focusing on a young girl\'s journey and her interaction with advanced technology.'),
(125,52,'The Shockwave Rider',1975,'en',NULL,41.25,1,6,'A novel exploring themes of surveillance and resistance in a dystopian future controlled by powerful corporations.'),
(126,53,'House of Suns',2008,'en',NULL,18.19,1,7,'A space opera featuring a group of post-human entities traveling through the galaxy in search of lost civilizations.'),
(127,54,'The Player of Games',1988,'en',NULL,43.66,1,6,'The second book in the Culture series, focusing on a game player who becomes embroiled in interstellar politics.'),
(128,55,'The Dark Forest',2008,'zh',NULL,44.16,1,8,'The sequel to The Three-Body Problem, continuing the story of humanity\'s struggle with an alien threat.'),
(129,56,'Homeland',2013,'en',NULL,36.75,1,7,'A sequel to Little Brother, dealing with themes of surveillance and personal freedom in a digital age.'),
(130,57,'The Analytical Engine and the Future of Computing',1844,'en',NULL,25.75,1,5,'A collection of Ada Lovelace\'s writings on Charles Babbage\'s Analytical Engine and its potential.'),
(131,58,'On Computable Numbers',1936,'en',NULL,36.12,1,6,'A groundbreaking paper by Alan Turing establishing the foundations of computation and the concept of a Turing machine.'),
(132,59,'Throwing Rocks at the Google Bus',2016,'en',NULL,19.97,1,7,'A critique of the economic impact of digital technology and the need for a more equitable digital economy.'),
(133,60,'Cognitive Surplus',2010,'en',NULL,42.08,1,8,'A book examining how the internet has transformed leisure time into productive and collaborative activities.'),
(134,61,'The Glass Cage',2014,'en',NULL,33.40,1,7,'A book exploring the effects of automation on human skills and cognition.'),
(135,62,'The Digital Person',2006,'en',NULL,29.52,1,6,'A book analyzing the impact of digital technology on privacy and personal identity.'),
(136,63,'Livewired: The Inside Story of the Ever-Changing Brain',2020,'en',NULL,41.45,1,7,'A book about the brain\'s adaptability and its ability to rewire itself in response to new experiences.'),
(137,64,'Chaos: Making a New Science',1987,'en',NULL,49.98,1,8,'A book introducing the concept of chaos theory and its implications for understanding complex systems.'),
(138,65,'Moneyball',2003,'en',NULL,17.42,1,7,'A non-fiction book about the use of statistical analysis in baseball to build a competitive team.'),
(139,66,'The New Digital Age',2013,'en',NULL,35.18,1,6,'A book discussing the impact of digital technology on society and the future of the internet.'),
(140,67,'Innovation and Leadership',2023,'en',NULL,46.31,1,7,'A book exploring the principles of innovation and leadership in the tech industry.'),
(141,68,'How to Create the Future',2019,'en',NULL,18.04,1,8,'A book about the strategies and vision of leading tech innovators shaping the future.'),
(142,69,'The Web We Want',2018,'en',NULL,16.28,1,6,'A book advocating for the open web and addressing the challenges facing the future of the internet.'),
(143,70,'Dawn of the New Everything',2017,'en',NULL,12.43,1,7,'A memoir and reflection on virtual reality and its impact on technology and society.'),
(144,71,'The Clock of the Long Now',1999,'en',NULL,40.33,1,6,'A book about the creation of a clock designed to last 10,000 years and its implications for long-term thinking.'),
(145,72,'Smart Mobs',2002,'en',NULL,19.02,1,7,'A book about the rise of collective intelligence and how new technologies enable smart mobs to collaborate and act.'),
(146,73,'Communication Power',2009,'es',NULL,24.08,1,8,'A study of the role of communication in power dynamics and its impact on modern societies.'),
(147,74,'The Digital Economy',1995,'en',NULL,25.77,1,7,'A book analyzing the transformative impact of digital technology on business and economic practices.'),
(148,75,'The Inevitable',2016,'en',NULL,19.52,1,6,'A book about the twelve technological forces shaping our future and their implications for society.'),
(149,76,'How to Create a Mind',2012,'en',NULL,38.00,1,7,'A book exploring the workings of the human brain and how to replicate its processes in artificial intelligence.'),
(150,77,'Parallel Worlds',2004,'en',NULL,39.67,1,6,'A book about the possibility of parallel universes and their implications for our understanding of the cosmos.'),
(151,78,'The Molecular Repair of the Brain',2005,'en',NULL,22.27,1,5,'A book exploring the potential for molecular nanotechnology to repair and enhance brain functions.'),
(152,79,'The Future of Work',2019,'de',NULL,23.67,1,7,'A book examining how emerging technologies will shape the future of work and employment.'),
(153,80,'The Internet Is Not the Answer',2015,'en',NULL,27.54,1,8,'A book critiquing the idealized view of the internet and its impact on society and democracy.'),
(154,81,'Deep Learning for Computer Vision',2018,'en',NULL,44.82,1,7,'A practical guide to applying deep learning techniques to computer vision tasks.'),
(155,82,'Deep Learning Specialization',2020,'en',NULL,42.16,1,7,'A comprehensive guide to deep learning techniques and applications, based on Ng\'s popular online courses.'),
(156,83,'Artificial Intelligence: A Modern Approach',2020,'en',NULL,12.17,1,9,'A textbook providing a thorough overview of modern AI techniques and research.'),
(157,84,'AI: The Future of Intelligence',2021,'en',NULL,41.12,1,6,'A book discussing the potential future developments in artificial intelligence and their societal impact.'),
(158,85,'Noise: A Flaw in Human Judgment',2021,'he',NULL,32.21,1,8,'A book exploring how variability in human judgment affects decision-making and ways to mitigate it.'),
(159,86,'The Better Angels of Our Nature',2011,'en',NULL,20.61,1,7,'A book arguing that violence has been decreasing over time and that human societies are becoming more peaceful.'),
(160,87,'Homo Deus: A Brief History of Tomorrow',2015,'he',NULL,27.51,1,9,'A speculative look at the future of humanity and the potential directions for technological and societal evolution.'),
(161,88,'Darwin\'s Dangerous Idea',1995,'en',NULL,10.59,1,6,'A book exploring the far-reaching implications of Darwinian evolution on philosophy and science.'),
(162,89,'The Character of Consciousness',2010,'en',NULL,19.64,1,7,'A collection of essays examining the nature of consciousness and the \'hard problem\' from various philosophical perspectives.'),
(163,90,'Global Catastrophic Risks',2013,'en',NULL,48.36,1,8,'A book analyzing the potential risks that could threaten the future of humanity and strategies for mitigating them.'),
(164,91,'Antifragile',2012,'en',NULL,31.61,1,7,'A book about how systems and entities can benefit from disorder and stress, becoming stronger in the process.'),
(165,92,'The Technology of Utopia',2019,'en',NULL,44.60,1,6,'A book exploring the role of technology in shaping utopian and dystopian visions of society.'),
(166,93,'Reclaiming Conversation',2015,'en',NULL,45.55,1,7,'A book about the importance of face-to-face conversation and how digital communication affects our interactions.'),
(167,94,'Superior',2019,'en',NULL,33.89,1,8,'A book challenging the myths of racial superiority and examining the science behind human diversity.'),
(168,95,'The Problem with Math Is Me',2016,'en',NULL,49.72,1,7,'A book discussing how mathematical models can perpetuate inequality and the need for ethical considerations in data science.'),
(169,96,'Free',2009,'en',NULL,10.21,1,8,'A book about the impact of free and open-source content on the economy and business models.'),
(170,97,'Thank You for Being Late',2016,'en',NULL,18.34,1,6,'A book exploring the intersection of technology, globalization, and climate change and its implications for the future.'),
(171,98,'The Diversity Myth',1995,'en',NULL,33.56,1,7,'A critique of the political correctness and diversity policies in higher education and their impact on academic freedom.'),
(172,99,'Climbing Mount Improbable',1996,'en',NULL,35.51,1,7,'A book about the gradual process of evolution and how complex biological features emerge over time.'),
(173,7,'It',1986,'en',NULL,16.91,1,6,'A horror novel about a group of friends confronting a malevolent entity that preys on children in their small town.'),
(174,8,'Emma',1815,'en',NULL,15.58,1,7,'A novel about a young woman’s matchmaking efforts and her eventual self-discovery and growth.'),
(175,6,'A Clash of Kings',1998,'en',NULL,18.79,1,7,'The second book in A Song of Ice and Fire series, continuing the epic saga of political intrigue and warfare in the Seven Kingdoms.'),
(176,12,'The Silmarillion',1977,'en',NULL,31.37,1,8,'A collection of mythopoeic stories providing the background and history of Middle-earth before The Hobbit and The Lord of the Rings.');
/*!40000 ALTER TABLE `books` ENABLE KEYS */;
UNLOCK TABLES;

--
-- Table structure for table `clients`
--

DROP TABLE IF EXISTS `clients`;
/*!40101 SET @saved_cs_client     = @@character_set_client */;
/*!50503 SET character_set_client = utf8mb4 */;
CREATE TABLE `clients` (
  `client_id` int unsigned NOT NULL AUTO_INCREMENT,
  `name` varchar(50) NOT NULL,
  `email` varchar(100) NOT NULL,
  `birthdate` datetime DEFAULT NULL,
  `gender` enum('F','M','ND') NOT NULL,
  `active` tinyint(1) NOT NULL DEFAULT '1',
  `created_at` timestamp NOT NULL DEFAULT CURRENT_TIMESTAMP,
  `updated_at` timestamp NOT NULL DEFAULT CURRENT_TIMESTAMP ON UPDATE CURRENT_TIMESTAMP,
  PRIMARY KEY (`client_id`),
  UNIQUE KEY `email` (`email`)
) ENGINE=InnoDB AUTO_INCREMENT=136 DEFAULT CHARSET=utf8mb4 COLLATE=utf8mb4_0900_ai_ci;
/*!40101 SET character_set_client = @saved_cs_client */;

--
-- Dumping data for table `clients`
--

LOCK TABLES `clients` WRITE;
/*!40000 ALTER TABLE `clients` DISABLE KEYS */;
INSERT INTO `clients` VALUES (1,'Tom Hanks','tom.hanks@example.com','1956-07-09 00:00:00','M',1,'2024-08-13 09:43:55','2024-08-13 09:43:55'),
(2,'Scarlett Johansson','scarlett.johansson@example.com','1984-11-22 00:00:00','F',1,'2024-08-13 09:43:55','2024-08-13 09:43:55'),
(3,'Robert Downey Jr.','robert.downey.jr@example.com','1965-04-04 00:00:00','M',1,'2024-08-13 09:43:55','2024-08-13 09:43:55'),
(4,'Jennifer Lawrence','jennifer.lawrence@example.com','1990-08-15 00:00:00','F',1,'2024-08-13 09:43:55','2024-08-13 09:43:55'),
(5,'Morgan Freeman','morgan.freeman@example.com','1937-06-01 00:00:00','M',1,'2024-08-13 09:43:55','2024-08-13 09:43:55'),
(6,'Emma Watson','emma.watson@example.com','1990-04-15 00:00:00','F',1,'2024-08-13 09:43:55','2024-08-13 09:43:55'),
(7,'Ryan Reynolds','ryan.reynolds@example.com','1976-10-23 00:00:00','M',1,'2024-08-13 09:43:55','2024-08-13 09:43:55'),
(8,'Natalie Portman','natalie.portman@example.com','1981-06-09 00:00:00','F',1,'2024-08-13 09:43:55','2024-08-13 09:43:55'),
(9,'Leonardo DiCaprio','leonardo.dicaprio@example.com','1974-11-11 00:00:00','M',1,'2024-08-13 09:43:55','2024-08-13 09:43:55'),
(10,'Marge Simpson','marge.simpson@example.com','1956-03-19 00:00:00','F',1,'2024-08-13 09:43:55','2024-08-13 09:43:55'),
(11,'Leonardo da Vinci','leonardo.da.vinci@example.com','1452-04-15 00:00:00','M',1,'2024-08-13 09:43:55','2024-08-13 09:43:55'),
(12,'Jennifer Garner','jennifer.garner@example.com','1972-04-17 00:00:00','F',1,'2024-08-13 09:43:55','2024-08-13 09:43:55'),
(13,'Keanu Reeves','keanu.reeves@example.com','1964-09-02 00:00:00','M',1,'2024-08-13 09:43:55','2024-08-13 09:43:55'),
(14,'Meryl Streep','meryl.streep@example.com','1949-06-22 00:00:00','F',1,'2024-08-13 09:43:55','2024-08-13 09:43:55'),
(15,'Brad Pitt','brad.pitt@example.com','1963-12-18 00:00:00','M',1,'2024-08-13 09:43:55','2024-08-13 09:43:55'),
(16,'Angelina Jolie','angelina.jolie@example.com','1975-06-04 00:00:00','F',1,'2024-08-13 09:43:55','2024-08-13 09:43:55'),
(17,'Will Smith','will.smith@example.com','1968-09-25 00:00:00','M',1,'2024-08-13 09:43:55','2024-08-13 09:43:55'),
(18,'Hugh Jackman','hugh.jackman@example.com','1968-10-12 00:00:00','M',1,'2024-08-13 09:43:55','2024-08-13 09:43:55'),
(19,'Julia Roberts','julia.roberts@example.com','1967-10-28 00:00:00','F',1,'2024-08-13 09:43:55','2024-08-13 09:43:55'),
(20,'Johnny Depp','johnny.depp@example.com','1963-06-09 00:00:00','M',1,'2024-08-13 09:43:55','2024-08-13 09:43:55'),
(21,'Charlize Theron','charlize.theron@example.com','1975-08-07 00:00:00','F',1,'2024-08-13 09:43:55','2024-08-13 09:43:55'),
(22,'Tom Cruise','tom.cruise@example.com','1962-07-03 00:00:00','M',1,'2024-08-13 09:43:55','2024-08-13 09:43:55'),
(23,'Harrison Ford','harrison.ford@example.com','1942-07-13 00:00:00','M',1,'2024-08-13 09:43:55','2024-08-13 09:43:55'),
(24,'Cate Blanchett','cate.blanchett@example.com','1969-05-14 00:00:00','F',1,'2024-08-13 09:43:55','2024-08-13 09:43:55'),
(25,'Denzel Washington','denzel.washington@example.com','1954-12-28 00:00:00','M',1,'2024-08-13 09:43:55','2024-08-13 09:43:55'),
(26,'Jessica Chastain','jessica.chastain@example.com','1977-03-24 00:00:00','F',1,'2024-08-13 09:43:55','2024-08-13 09:43:55'),
(27,'Ryan Gosling','ryan.gosling@example.com','1980-11-12 00:00:00','M',1,'2024-08-13 09:43:55','2024-08-13 09:43:55'),
(28,'Saoirse Ronan','saoirse.ronan@example.com','1994-04-12 00:00:00','F',1,'2024-08-13 09:43:55','2024-08-13 09:43:55'),
(29,'Chris Hemsworth','chris.hemsworth@example.com','1983-08-11 00:00:00','M',1,'2024-08-13 09:43:55','2024-08-13 09:43:55'),
(30,'Natalie Dormer','natalie.dormer@example.com','1982-02-11 00:00:00','F',1,'2024-08-13 09:43:55','2024-08-13 09:43:55'),
(31,'Matthew McConaughey','matthew.mcconaughey@example.com','1969-11-04 00:00:00','M',1,'2024-08-13 09:43:55','2024-08-13 09:43:55'),
(32,'Naomi Watts','naomi.watts@example.com','1968-09-28 00:00:00','F',1,'2024-08-13 09:43:55','2024-08-13 09:43:55'),
(33,'Daisy Ridley','daisy.ridley@example.com','1992-04-10 00:00:00','F',1,'2024-08-13 09:43:55','2024-08-13 09:43:55'),
(34,'Chris Evans','chris.evans@example.com','1981-06-13 00:00:00','M',1,'2024-08-13 09:43:55','2024-08-13 09:43:55'),
(35,'Tessa Thompson','tessa.thompson@example.com','1983-10-03 00:00:00','F',1,'2024-08-13 09:43:55','2024-08-13 09:43:55'),
(36,'Paul Rudd','paul.rudd@example.com','1969-04-06 00:00:00','M',1,'2024-08-13 09:43:55','2024-08-13 09:43:55'),
(37,'Zendaya','zendaya@example.com','1996-09-01 00:00:00','F',1,'2024-08-13 09:43:55','2024-08-13 09:43:55'),
(38,'John Boyega','john.boyega@example.com','1992-03-17 00:00:00','M',1,'2024-08-13 09:43:55','2024-08-13 09:43:55'),
(39,'Ana de Armas','ana.de.armas@example.com','1988-04-30 00:00:00','F',1,'2024-08-13 09:43:55','2024-08-13 09:43:55'),
(40,'Mads Mikkelsen','mads.mikkelsen@example.com','1965-11-22 00:00:00','M',1,'2024-08-13 09:43:55','2024-08-13 09:43:55'),
(41,'Michelle Yeoh','michelle.yeoh@example.com','1962-08-06 00:00:00','F',1,'2024-08-13 09:43:55','2024-08-13 09:43:55'),
(42,'Daniel Craig','daniel.craig@example.com','1968-03-02 00:00:00','M',1,'2024-08-13 09:43:55','2024-08-13 09:43:55'),
(43,'Emma Stone','emma.stone@example.com','1988-11-06 00:00:00','F',1,'2024-08-13 09:43:55','2024-08-13 09:43:55'),
(44,'James Franco','james.franco@example.com','1978-04-19 00:00:00','M',1,'2024-08-13 09:43:55','2024-08-13 09:43:55'),
(45,'Mila Kunis','mila.kunis@example.com','1983-08-14 00:00:00','F',1,'2024-08-13 09:43:55','2024-08-13 09:43:55'),
(46,'Ben Affleck','ben.affleck@example.com','1972-08-15 00:00:00','M',1,'2024-08-13 09:43:55','2024-08-13 09:43:55'),
(47,'Sienna Miller','sienna.miller@example.com','1981-12-28 00:00:00','F',1,'2024-08-13 09:43:55','2024-08-13 09:43:55'),
(48,'Jake Gyllenhaal','jake.gyllenhaal@example.com','1980-12-19 00:00:00','M',1,'2024-08-13 09:43:55','2024-08-13 09:43:55'),
(49,'Eiza González','eiza.gonzalez@example.com','1990-01-30 00:00:00','F',1,'2024-08-13 09:43:55','2024-08-13 09:43:55'),
(50,'Rami Malek','rami.malek@example.com','1981-05-12 00:00:00','M',1,'2024-08-13 09:43:55','2024-08-13 09:43:55'),
(51,'Kerry Washington','kerry.washington@example.com','1977-01-31 00:00:00','F',1,'2024-08-13 09:43:55','2024-08-13 09:43:55'),
(52,'David Oyelowo','david.oyelowo@example.com','1976-04-01 00:00:00','M',1,'2024-08-13 09:43:55','2024-08-13 09:43:55'),
(53,'John Legend','john.legend@example.com','1978-12-28 00:00:00','M',1,'2024-08-13 09:43:55','2024-08-13 09:43:55'),
(54,'Priyanka Chopra','priyanka.chopra@example.com','1982-07-18 00:00:00','F',1,'2024-08-13 09:43:55','2024-08-13 09:43:55'),
(55,'Jason Momoa','jason.momoa@example.com','1979-08-01 00:00:00','M',1,'2024-08-13 09:43:55','2024-08-13 09:43:55'),
(56,'Alison Brie','alison.brie@example.com','1982-12-29 00:00:00','F',1,'2024-08-13 09:43:55','2024-08-13 09:43:55'),
(57,'Maya Rudolph','maya.rudolph@example.com','1972-07-27 00:00:00','F',1,'2024-08-13 09:43:55','2024-08-13 09:43:55'),
(58,'Zoe Saldana','zoe.saldana@example.com','1978-06-19 00:00:00','F',1,'2024-08-13 09:43:55','2024-08-13 09:43:55'),
(59,'Matthew Fox','matthew.fox@example.com','1966-07-14 00:00:00','M',1,'2024-08-13 09:43:55','2024-08-13 09:43:55'),
(60,'Sophie Turner','sophie.turner@example.com','1996-02-21 00:00:00','F',1,'2024-08-13 09:43:55','2024-08-13 09:43:55'),
(61,'Lena Headey','lena.headey@example.com','1973-10-03 00:00:00','F',1,'2024-08-13 09:43:55','2024-08-13 09:43:55'),
(62,'Clive Owen','clive.owen@example.com','1964-10-03 00:00:00','M',1,'2024-08-13 09:43:55','2024-08-13 09:43:55'),
(63,'Jodie Comer','jodie.comer@example.com','1993-03-11 00:00:00','F',1,'2024-08-13 09:43:55','2024-08-13 09:43:55'),
(64,'David Tennant','david.tennant@example.com','1971-04-18 00:00:00','M',1,'2024-08-13 09:43:55','2024-08-13 09:43:55'),
(65,'Ruth Wilson','ruth.wilson@example.com','1982-01-13 00:00:00','F',1,'2024-08-13 09:43:55','2024-08-13 09:43:55'),
(66,'Jude Law','jude.law@example.com','1972-12-29 00:00:00','M',1,'2024-08-13 09:43:55','2024-08-13 09:43:55'),
(67,'Rachel Weisz','rachel.weisz@example.com','1970-03-07 00:00:00','F',1,'2024-08-13 09:43:55','2024-08-13 09:43:55'),
(68,'Hugh Grant','hugh.grant@example.com','1960-09-09 00:00:00','M',1,'2024-08-13 09:43:55','2024-08-13 09:43:55'),
(69,'Imelda Staunton','imelda.staunton@example.com','1956-01-09 00:00:00','F',1,'2024-08-13 09:43:55','2024-08-13 09:43:55'),
(70,'Tilda Swinton','tilda.swinton@example.com','1960-11-05 00:00:00','F',1,'2024-08-13 09:43:55','2024-08-13 09:43:55'),
(71,'Mark Ruffalo','mark.ruffalo@example.com','1967-11-22 00:00:00','M',1,'2024-08-13 09:43:55','2024-08-13 09:43:55'),
(72,'Josh Brolin','josh.brolin@example.com','1968-02-12 00:00:00','M',1,'2024-08-13 09:43:55','2024-08-13 09:43:55'),
(73,'Christina Hendricks','christina.hendricks@example.com','1975-05-03 00:00:00','F',1,'2024-08-13 09:43:55','2024-08-13 09:43:55'),
(74,'Steve Carell','steve.carell@example.com','1962-08-16 00:00:00','M',1,'2024-08-13 09:43:55','2024-08-13 09:43:55'),
(75,'Jason Bateman','jason.bateman@example.com','1969-01-14 00:00:00','M',1,'2024-08-13 09:43:55','2024-08-13 09:43:55'),
(76,'Anna Kendrick','anna.kendrick@example.com','1985-08-09 00:00:00','F',1,'2024-08-13 09:43:55','2024-08-13 09:43:55'),
(77,'Bill Hader','bill.hader@example.com','1978-06-07 00:00:00','M',1,'2024-08-13 09:43:55','2024-08-13 09:43:55'),
(78,'Mindy Kaling','mindy.kaling@example.com','1979-06-24 00:00:00','F',1,'2024-08-13 09:43:55','2024-08-13 09:43:55'),
(79,'Aziz Ansari','aziz.ansari@example.com','1983-02-23 00:00:00','M',1,'2024-08-13 09:43:55','2024-08-13 09:43:55'),
(80,'Parker Posey','parker.posey@example.com','1968-11-08 00:00:00','F',1,'2024-08-13 09:43:55','2024-08-13 09:43:55'),
(81,'Kumail Nanjiani','kumail.nanjiani@example.com','1978-02-21 00:00:00','M',1,'2024-08-13 09:43:55','2024-08-13 09:43:55'),
(82,'Leslie Mann','leslie.mann@example.com','1972-03-26 00:00:00','F',1,'2024-08-13 09:43:55','2024-08-13 09:43:55'),
(83,'Adam Driver','adam.driver@example.com','1983-11-19 00:00:00','M',1,'2024-08-13 09:43:55','2024-08-13 09:43:55'),
(84,'John C. Reilly','john.c.reilly@example.com','1965-05-24 00:00:00','M',1,'2024-08-13 09:43:55','2024-08-13 09:43:55'),
(85,'Connie Britton','connie.britton@example.com','1967-03-06 00:00:00','F',1,'2024-08-13 09:43:55','2024-08-13 09:43:55'),
(86,'Gina Rodriguez','gina.rodriguez@example.com','1984-07-30 00:00:00','F',1,'2024-08-13 09:43:55','2024-08-13 09:43:55'),
(87,'Janelle Monáe','janelle.monae@example.com','1985-12-01 00:00:00','F',1,'2024-08-13 09:43:55','2024-08-13 09:43:55'),
(88,'Jon Bernthal','jon.bernthal@example.com','1976-09-20 00:00:00','M',1,'2024-08-13 09:43:55','2024-08-13 09:43:55'),
(89,'Ricky Martin','ricky.martin@example.com','1971-12-24 00:00:00','M',1,'2024-08-13 09:43:55','2024-08-13 09:43:55'),
(90,'Gisele Bündchen','gisele.bundchen@example.com','1980-07-20 00:00:00','F',1,'2024-08-13 09:43:55','2024-08-13 09:43:55'),
(91,'Ben Barnes','ben.barnes@example.com','1981-08-20 00:00:00','M',1,'2024-08-13 09:43:55','2024-08-13 09:43:55'),
(92,'Florence Pugh','florence.pugh@example.com','1996-01-03 00:00:00','F',1,'2024-08-13 09:43:55','2024-08-13 09:43:55'),
(93,'Henry Cavill','henry.cavill@example.com','1983-05-05 00:00:00','M',1,'2024-08-13 09:43:55','2024-08-13 09:43:55'),
(94,'Elizabeth Debicki','elizabeth.debicki@example.com','1990-08-24 00:00:00','F',1,'2024-08-13 09:43:55','2024-08-13 09:43:55'),
(95,'Brie Larson','brie.larson@example.com','1989-10-01 00:00:00','F',1,'2024-08-13 09:43:55','2024-08-13 09:43:55'),
(96,'Jodie Foster','jodie.foster@example.com','1962-11-19 00:00:00','F',1,'2024-08-13 09:43:55','2024-08-13 09:43:55'),
(97,'Daniel Radcliffe','daniel.radcliffe@example.com','1989-07-23 00:00:00','M',1,'2024-08-13 09:43:55','2024-08-13 09:43:55'),
(98,'Viggo Mortensen','viggo.mortensen@example.com','1958-10-20 00:00:00','M',1,'2024-08-13 09:43:55','2024-08-13 09:43:55'),
(99,'Taron Egerton','taron.egerton@example.com','1989-11-10 00:00:00','M',1,'2024-08-13 09:43:55','2024-08-13 09:43:55'),
(100,'Dylan O’Brien','dylan.obrien@example.com','1991-08-26 00:00:00','M',1,'2024-08-13 09:43:55','2024-08-13 09:43:55'),
(101,'Shailene Woodley','shailene.woodley@example.com','1991-11-15 00:00:00','F',1,'2024-08-13 09:43:55','2024-08-13 09:43:55'),
(102,'Josh Hutcherson','josh.hutcherson@example.com','1992-10-12 00:00:00','M',1,'2024-08-13 09:43:55','2024-08-13 09:43:55'),
(103,'Lily Collins','lily.collins@example.com','1989-03-18 00:00:00','F',1,'2024-08-13 09:43:55','2024-08-13 09:43:55'),
(104,'Anya Taylor-Joy','anya.taylor-joy@example.com','1996-04-16 00:00:00','F',1,'2024-08-13 09:43:55','2024-08-13 09:43:55'),
(105,'Logan Lerman','logan.lerman@example.com','1992-01-19 00:00:00','M',1,'2024-08-13 09:43:55','2024-08-13 09:43:55'),
(106,'Emma Roberts','emma.roberts@example.com','1991-02-10 00:00:00','F',1,'2024-08-13 09:43:55','2024-08-13 09:43:55'),
(107,'Michael B. Jordan','michael.b.jordan@example.com','1987-02-09 00:00:00','M',1,'2024-08-13 09:43:55','2024-08-13 09:43:55'),
(108,'Alicia Vikander','alicia.vikander@example.com','1988-10-03 00:00:00','F',1,'2024-08-13 09:43:55','2024-08-13 09:43:55'),
(109,'James McAvoy','james.mcavoy@example.com','1979-04-21 00:00:00','M',1,'2024-08-13 09:43:55','2024-08-13 09:43:55'),
(110,'Rachel McAdams','rachel.mcadams@example.com','1978-11-17 00:00:00','F',1,'2024-08-13 09:43:55','2024-08-13 09:43:55'),
(111,'Gerard Butler','gerard.butler@example.com','1969-11-13 00:00:00','M',1,'2024-08-13 09:43:55','2024-08-13 09:43:55'),
(112,'Rose Byrne','rose.byrne@example.com','1979-07-24 00:00:00','F',1,'2024-08-13 09:43:55','2024-08-13 09:43:55'),
(113,'Maggie Gyllenhaal','maggie.gyllenhaal@example.com','1977-10-16 00:00:00','F',1,'2024-08-13 09:43:55','2024-08-13 09:43:55'),
(114,'Jason Sudeikis','jason.sudeikis@example.com','1975-09-18 00:00:00','M',1,'2024-08-13 09:43:55','2024-08-13 09:43:55'),
(115,'Kate Winslet','kate.winslet@example.com','1975-10-05 00:00:00','F',1,'2024-08-13 09:43:55','2024-08-13 09:43:55'),
(116,'Chris Pratt','chris.pratt@example.com','1979-06-21 00:00:00','M',1,'2024-08-13 09:43:55','2024-08-13 09:43:55'),
(117,'Olivia Wilde','olivia.wilde@example.com','1984-03-10 00:00:00','F',1,'2024-08-13 09:43:55','2024-08-13 09:43:55'),
(118,'Jenna Ortega','jenna.ortega@example.com','2002-09-27 00:00:00','F',1,'2024-08-13 09:43:55','2024-08-13 09:43:55'),
(119,'Henry Golding','henry.golding@example.com','1987-02-05 00:00:00','M',1,'2024-08-13 09:43:55','2024-08-13 09:43:55'),
(120,'Gemma Chan','gemma.chan@example.com','1982-11-29 00:00:00','F',1,'2024-08-13 09:43:55','2024-08-13 09:43:55'),
(121,'Simu Liu','simu.liu@example.com','1989-04-19 00:00:00','M',1,'2024-08-13 09:43:55','2024-08-13 09:43:55'),
(122,'Awkwafina','awkwafina@example.com','1988-06-02 00:00:00','F',1,'2024-08-13 09:43:55','2024-08-13 09:43:55'),
(123,'Keegan-Michael Key','keegan-michael.key@example.com','1971-03-22 00:00:00','M',1,'2024-08-13 09:43:55','2024-08-13 09:43:55'),
(124,'Kenan Thompson','kenan.thompson@example.com','1978-05-10 00:00:00','M',1,'2024-08-13 09:43:55','2024-08-13 09:43:55'),
(125,'Nick Kroll','nick.kroll@example.com','1978-06-05 00:00:00','M',1,'2024-08-13 09:43:55','2024-08-13 09:43:55'),
(126,'Tiffany Haddish','tiffany.haddish@example.com','1979-12-03 00:00:00','F',1,'2024-08-13 09:43:55','2024-08-13 09:43:55'),
(127,'Aubrey Plaza','aubrey.plaza@example.com','1984-06-26 00:00:00','F',1,'2024-08-13 09:43:55','2024-08-13 09:43:55'),
(128,'Riki Lindhome','riki.lindhome@example.com','1979-03-05 00:00:00','F',1,'2024-08-13 09:43:55','2024-08-13 09:43:55'),
(129,'David Cross','david.cross@example.com','1964-04-04 00:00:00','M',1,'2024-08-13 09:43:55','2024-08-13 09:43:55'),
(130,'Paul Scheer','paul.scheer@example.com','1976-01-31 00:00:00','M',1,'2024-08-13 09:43:55','2024-08-13 09:43:55'),
(131,'Tig Notaro','tig.notaro@example.com','1971-03-24 00:00:00','F',1,'2024-08-13 09:43:55','2024-08-13 09:43:55'),
(132,'Jemaine Clement','jemaine.clement@example.com','1974-01-10 00:00:00','M',1,'2024-08-13 09:43:55','2024-08-13 09:43:55'),
(133,'Taika Waititi','taika.waititi@example.com','1975-08-16 00:00:00','M',1,'2024-08-13 09:43:55','2024-08-13 09:43:55'),
(134,'Steve Zahn','steve.zahn@example.com','1967-11-13 00:00:00','M',1,'2024-08-13 09:43:55','2024-08-13 09:43:55'),
(135,'Zach Galifianakis','zach.galifianakis@example.com','1969-10-01 00:00:00','M',1,'2024-08-13 09:43:55','2024-08-13 09:43:55');
/*!40000 ALTER TABLE `clients` ENABLE KEYS */;
UNLOCK TABLES;

--
-- Table structure for table `operations`
--

DROP TABLE IF EXISTS `operations`;
/*!40101 SET @saved_cs_client     = @@character_set_client */;
/*!50503 SET character_set_client = utf8mb4 */;
CREATE TABLE `operations` (
  `operation_id` int unsigned NOT NULL AUTO_INCREMENT,
  `book_id` int unsigned DEFAULT NULL,
  `client_id` int unsigned DEFAULT NULL,
  `type` enum('sold','lent','returned') NOT NULL,
  `finished` tinyint(1) NOT NULL,
  `updated_at` timestamp NOT NULL DEFAULT CURRENT_TIMESTAMP ON UPDATE CURRENT_TIMESTAMP,
  PRIMARY KEY (`operation_id`)
) ENGINE=InnoDB AUTO_INCREMENT=351 DEFAULT CHARSET=utf8mb4 COLLATE=utf8mb4_0900_ai_ci;
/*!40101 SET character_set_client = @saved_cs_client */;

--
-- Dumping data for table `operations`
--

LOCK TABLES `operations` WRITE;
/*!40000 ALTER TABLE `operations` DISABLE KEYS */;
INSERT INTO `operations` VALUES (1,104,96,'returned',1,'2024-08-13 10:56:02'),
(2,52,113,'lent',1,'2024-08-13 10:56:02'),
(3,9,95,'lent',1,'2024-08-13 10:56:02'),
(4,141,131,'returned',1,'2024-08-13 10:56:02'),
(5,130,91,'sold',1,'2024-08-13 10:56:02'),
(6,12,50,'sold',1,'2024-08-13 10:56:02'),
(7,76,87,'returned',1,'2024-08-13 10:56:02'),
(8,116,42,'returned',1,'2024-08-13 10:56:02'),
(9,84,7,'lent',1,'2024-08-13 10:56:02'),
(10,147,122,'sold',1,'2024-08-13 10:56:02'),
(11,144,118,'returned',1,'2024-08-13 10:56:02'),
(12,86,29,'returned',1,'2024-08-13 10:56:02'),
(13,51,104,'sold',1,'2024-08-13 10:56:02'),
(14,78,115,'sold',1,'2024-08-13 10:56:02'),
(15,14,29,'sold',1,'2024-08-13 10:56:02'),
(16,148,31,'sold',1,'2024-08-13 10:56:02'),
(17,168,108,'sold',0,'2024-08-13 10:56:02'),
(18,104,117,'returned',1,'2024-08-13 10:56:02'),
(19,91,7,'sold',1,'2024-08-13 10:56:02'),
(20,16,130,'sold',0,'2024-08-13 10:56:02'),
(21,1,101,'returned',0,'2024-08-13 10:56:02'),
(22,64,104,'sold',1,'2024-08-13 10:56:02'),
(23,176,32,'returned',0,'2024-08-13 10:56:02'),
(24,142,96,'sold',1,'2024-08-13 10:56:02'),
(25,168,121,'returned',1,'2024-08-13 10:56:02'),
(26,43,97,'lent',1,'2024-08-13 10:56:02'),
(27,107,126,'lent',1,'2024-08-13 10:56:02'),
(28,80,96,'returned',1,'2024-08-13 10:56:02'),
(29,31,75,'lent',0,'2024-08-13 10:56:02'),
(30,144,19,'returned',0,'2024-08-13 10:56:02'),
(31,98,123,'sold',1,'2024-08-13 10:56:02'),
(32,86,70,'sold',1,'2024-08-13 10:56:02'),
(33,14,82,'sold',1,'2024-08-13 10:56:02'),
(34,86,9,'sold',1,'2024-08-13 10:56:02'),
(35,22,4,'lent',1,'2024-08-13 10:56:02'),
(36,5,86,'returned',1,'2024-08-13 10:56:02'),
(37,63,72,'lent',1,'2024-08-13 10:56:02'),
(38,111,91,'returned',1,'2024-08-13 10:56:02'),
(39,33,58,'returned',1,'2024-08-13 10:56:02'),
(40,164,20,'sold',1,'2024-08-13 10:56:02'),
(41,140,115,'sold',1,'2024-08-13 10:56:02'),
(42,15,32,'lent',1,'2024-08-13 10:56:02'),
(43,117,92,'returned',1,'2024-08-13 10:56:02'),
(44,53,31,'returned',1,'2024-08-13 10:56:02'),
(45,152,49,'returned',0,'2024-08-13 10:56:02'),
(46,172,16,'sold',1,'2024-08-13 10:56:02'),
(47,105,24,'sold',0,'2024-08-13 10:56:02'),
(48,105,87,'returned',1,'2024-08-13 10:56:02'),
(49,4,77,'lent',1,'2024-08-13 10:56:02'),
(50,158,73,'returned',0,'2024-08-13 10:56:02'),
(51,156,65,'lent',1,'2024-08-13 10:56:02'),
(52,77,43,'returned',1,'2024-08-13 10:56:02'),
(53,13,133,'returned',1,'2024-08-13 10:56:02'),
(54,11,82,'returned',1,'2024-08-13 10:56:02'),
(55,117,56,'sold',1,'2024-08-13 10:56:02'),
(56,156,78,'sold',1,'2024-08-13 10:56:02'),
(57,108,29,'returned',1,'2024-08-13 10:56:02'),
(58,167,126,'lent',1,'2024-08-13 10:56:02'),
(59,171,76,'returned',1,'2024-08-13 10:56:02'),
(60,42,6,'sold',0,'2024-08-13 10:56:02'),
(61,159,26,'returned',1,'2024-08-13 10:56:02'),
(62,78,130,'sold',1,'2024-08-13 10:56:02'),
(63,77,127,'returned',1,'2024-08-13 10:56:02'),
(64,18,13,'lent',0,'2024-08-13 10:56:02'),
(65,118,20,'returned',1,'2024-08-13 10:56:02'),
(66,58,32,'sold',1,'2024-08-13 10:56:02'),
(67,29,66,'lent',1,'2024-08-13 10:56:02'),
(68,165,57,'returned',1,'2024-08-13 10:56:02'),
(69,164,84,'lent',1,'2024-08-13 10:56:02'),
(70,108,124,'lent',0,'2024-08-13 10:56:02'),
(71,60,66,'lent',1,'2024-08-13 10:56:02'),
(72,24,109,'lent',1,'2024-08-13 10:56:02'),
(73,107,65,'returned',0,'2024-08-13 10:56:02'),
(74,87,122,'sold',1,'2024-08-13 10:56:02'),
(75,103,7,'sold',1,'2024-08-13 10:56:02'),
(76,40,122,'returned',1,'2024-08-13 10:56:02'),
(77,89,3,'returned',0,'2024-08-13 10:56:02'),
(78,89,59,'returned',1,'2024-08-13 10:56:02'),
(79,162,11,'lent',1,'2024-08-13 10:56:02'),
(80,79,126,'lent',0,'2024-08-13 10:56:02'),
(81,66,2,'lent',1,'2024-08-13 10:56:02'),
(82,168,56,'sold',1,'2024-08-13 10:56:02'),
(83,25,91,'lent',1,'2024-08-13 10:56:02'),
(84,51,94,'sold',1,'2024-08-13 10:56:02'),
(85,129,114,'sold',0,'2024-08-13 10:56:02'),
(86,131,19,'lent',1,'2024-08-13 10:56:02'),
(87,101,35,'returned',0,'2024-08-13 10:56:02'),
(88,99,1,'sold',1,'2024-08-13 10:56:02'),
(89,134,9,'returned',1,'2024-08-13 10:56:02'),
(90,140,90,'returned',0,'2024-08-13 10:56:02'),
(91,74,128,'sold',1,'2024-08-13 10:56:02'),
(92,35,86,'sold',1,'2024-08-13 10:56:02'),
(93,110,70,'lent',1,'2024-08-13 10:56:02'),
(94,116,96,'sold',1,'2024-08-13 10:56:02'),
(95,49,118,'lent',1,'2024-08-13 10:56:02'),
(96,136,69,'returned',0,'2024-08-13 10:56:02'),
(97,67,2,'returned',0,'2024-08-13 10:56:02'),
(98,101,25,'lent',1,'2024-08-13 10:56:02'),
(99,126,37,'sold',0,'2024-08-13 10:56:02'),
(100,9,65,'returned',1,'2024-08-13 10:56:02'),
(101,30,71,'lent',0,'2024-08-13 10:56:02'),
(102,150,125,'sold',1,'2024-08-13 10:56:02'),
(103,7,89,'returned',1,'2024-08-13 10:56:02'),
(104,9,41,'lent',1,'2024-08-13 10:56:02'),
(105,149,11,'lent',1,'2024-08-13 10:56:02'),
(106,59,130,'returned',0,'2024-08-13 10:56:02'),
(107,96,8,'lent',1,'2024-08-13 10:56:02'),
(108,61,45,'lent',0,'2024-08-13 10:56:02'),
(109,105,34,'returned',1,'2024-08-13 10:56:02'),
(110,47,92,'sold',1,'2024-08-13 10:56:02'),
(111,168,23,'sold',0,'2024-08-13 10:56:02'),
(112,47,52,'returned',1,'2024-08-13 10:56:02'),
(113,1,49,'returned',1,'2024-08-13 10:56:02'),
(114,3,53,'lent',0,'2024-08-13 10:56:02'),
(115,162,101,'sold',1,'2024-08-13 10:56:02'),
(116,104,106,'returned',1,'2024-08-13 10:56:02'),
(117,101,129,'sold',0,'2024-08-13 10:56:02'),
(118,72,63,'returned',1,'2024-08-13 10:56:02'),
(119,105,30,'returned',1,'2024-08-13 10:56:02'),
(120,8,15,'sold',1,'2024-08-13 10:56:02'),
(121,17,132,'sold',1,'2024-08-13 10:56:02'),
(122,60,49,'returned',1,'2024-08-13 10:56:02'),
(123,145,95,'sold',1,'2024-08-13 10:56:02'),
(124,7,84,'lent',1,'2024-08-13 10:56:02'),
(125,94,19,'sold',0,'2024-08-13 10:56:02'),
(126,176,134,'sold',1,'2024-08-13 10:56:02'),
(127,42,112,'lent',1,'2024-08-13 10:56:02'),
(128,99,40,'sold',1,'2024-08-13 10:56:02'),
(129,40,41,'returned',0,'2024-08-13 10:56:02'),
(130,139,45,'sold',1,'2024-08-13 10:56:02'),
(131,31,105,'lent',1,'2024-08-13 10:56:02'),
(132,90,130,'lent',0,'2024-08-13 10:56:02'),
(133,5,6,'lent',0,'2024-08-13 10:56:02'),
(134,63,118,'sold',1,'2024-08-13 10:56:02'),
(135,117,59,'returned',1,'2024-08-13 10:56:02'),
(136,26,84,'returned',1,'2024-08-13 10:56:02'),
(137,49,7,'sold',1,'2024-08-13 10:56:02'),
(138,115,124,'sold',1,'2024-08-13 10:56:02'),
(139,157,1,'sold',1,'2024-08-13 10:56:02'),
(140,40,83,'lent',1,'2024-08-13 10:56:02'),
(141,158,131,'lent',1,'2024-08-13 10:56:02'),
(142,126,100,'lent',1,'2024-08-13 10:56:02'),
(143,51,106,'sold',1,'2024-08-13 10:56:02'),
(144,118,112,'lent',1,'2024-08-13 10:56:02'),
(145,122,66,'lent',1,'2024-08-13 10:56:02'),
(146,78,64,'returned',1,'2024-08-13 10:56:02'),
(147,154,39,'sold',1,'2024-08-13 10:56:02'),
(148,147,112,'sold',1,'2024-08-13 10:56:02'),
(149,137,35,'lent',1,'2024-08-13 10:56:02'),
(150,146,115,'lent',1,'2024-08-13 10:56:02'),
(151,139,103,'lent',1,'2024-08-13 10:56:02'),
(152,58,7,'lent',1,'2024-08-13 10:56:02'),
(153,128,61,'lent',0,'2024-08-13 10:56:02'),
(154,106,24,'lent',0,'2024-08-13 10:56:02'),
(155,56,55,'sold',1,'2024-08-13 10:56:02'),
(156,6,37,'lent',1,'2024-08-13 10:56:02'),
(157,63,70,'sold',1,'2024-08-13 10:56:02'),
(158,47,134,'returned',1,'2024-08-13 10:56:02'),
(159,92,43,'lent',1,'2024-08-13 10:56:02'),
(160,38,52,'sold',1,'2024-08-13 10:56:02'),
(161,124,91,'returned',1,'2024-08-13 10:56:02'),
(162,148,80,'sold',1,'2024-08-13 10:56:02'),
(163,92,41,'lent',1,'2024-08-13 10:56:02'),
(164,111,96,'sold',1,'2024-08-13 10:56:02'),
(165,18,29,'lent',0,'2024-08-13 10:56:02'),
(166,68,130,'returned',1,'2024-08-13 10:56:02'),
(167,10,97,'returned',0,'2024-08-13 10:56:02'),
(168,95,76,'lent',1,'2024-08-13 10:56:02'),
(169,64,124,'lent',1,'2024-08-13 10:56:02'),
(170,107,62,'lent',1,'2024-08-13 10:56:02'),
(171,89,23,'lent',1,'2024-08-13 10:56:02'),
(172,87,118,'returned',1,'2024-08-13 10:56:02'),
(173,88,35,'lent',1,'2024-08-13 10:56:02'),
(174,21,40,'sold',1,'2024-08-13 10:56:02'),
(175,97,38,'sold',1,'2024-08-13 10:56:02'),
(176,141,126,'sold',1,'2024-08-13 10:56:02'),
(177,85,134,'returned',1,'2024-08-13 10:56:02'),
(178,43,94,'sold',1,'2024-08-13 10:56:02'),
(179,81,68,'sold',1,'2024-08-13 10:56:02'),
(180,34,20,'returned',1,'2024-08-13 10:56:02'),
(181,133,61,'returned',1,'2024-08-13 10:56:02'),
(182,59,17,'returned',1,'2024-08-13 10:56:02'),
(183,6,96,'lent',1,'2024-08-13 10:56:02'),
(184,57,105,'returned',1,'2024-08-13 10:56:02'),
(185,111,67,'sold',1,'2024-08-13 10:56:02'),
(186,174,47,'lent',1,'2024-08-13 10:56:02'),
(187,57,96,'returned',1,'2024-08-13 10:56:02'),
(188,26,29,'lent',1,'2024-08-13 10:56:02'),
(189,48,5,'returned',1,'2024-08-13 10:56:02'),
(190,57,90,'lent',1,'2024-08-13 10:56:02'),
(191,140,132,'lent',1,'2024-08-13 10:56:02'),
(192,83,131,'returned',1,'2024-08-13 10:56:02'),
(193,8,111,'sold',1,'2024-08-13 10:56:02'),
(194,166,95,'returned',1,'2024-08-13 10:56:02'),
(195,31,52,'sold',1,'2024-08-13 10:56:02'),
(196,75,55,'returned',1,'2024-08-13 10:56:02'),
(197,78,21,'returned',1,'2024-08-13 10:56:02'),
(198,14,61,'sold',1,'2024-08-13 10:56:02'),
(199,137,91,'returned',1,'2024-08-13 10:56:02'),
(200,128,24,'sold',1,'2024-08-13 10:56:02'),
(201,24,104,'sold',1,'2024-08-13 10:56:02'),
(202,6,7,'returned',0,'2024-08-13 10:56:02'),
(203,16,31,'lent',1,'2024-08-13 10:56:02'),
(204,140,66,'sold',1,'2024-08-13 10:56:02'),
(205,45,102,'lent',1,'2024-08-13 10:56:02'),
(206,81,66,'returned',1,'2024-08-13 10:56:02'),
(207,48,97,'sold',1,'2024-08-13 10:56:02'),
(208,67,57,'lent',1,'2024-08-13 10:56:02'),
(209,139,106,'lent',0,'2024-08-13 10:56:02'),
(210,168,51,'lent',1,'2024-08-13 10:56:02'),
(211,141,134,'lent',1,'2024-08-13 10:56:02'),
(212,141,90,'returned',1,'2024-08-13 10:56:02'),
(213,38,64,'sold',0,'2024-08-13 10:56:02'),
(214,156,46,'sold',0,'2024-08-13 10:56:02'),
(215,45,6,'lent',1,'2024-08-13 10:56:02'),
(216,117,54,'lent',1,'2024-08-13 10:56:02'),
(217,56,83,'lent',0,'2024-08-13 10:56:02'),
(218,152,48,'lent',1,'2024-08-13 10:56:02'),
(219,49,87,'sold',0,'2024-08-13 10:56:02'),
(220,123,110,'sold',0,'2024-08-13 10:56:02'),
(221,76,8,'sold',1,'2024-08-13 10:56:02'),
(222,161,131,'lent',1,'2024-08-13 10:56:02'),
(223,24,132,'lent',0,'2024-08-13 10:56:02'),
(224,112,19,'returned',1,'2024-08-13 10:56:02'),
(225,48,129,'returned',1,'2024-08-13 10:56:02'),
(226,2,85,'lent',1,'2024-08-13 10:56:02'),
(227,126,115,'sold',1,'2024-08-13 10:56:02'),
(228,176,37,'returned',1,'2024-08-13 10:56:02'),
(229,99,77,'sold',1,'2024-08-13 10:56:02'),
(230,43,134,'returned',0,'2024-08-13 10:56:02'),
(231,166,75,'returned',1,'2024-08-13 10:56:02'),
(232,161,46,'returned',1,'2024-08-13 10:56:02'),
(233,171,17,'sold',1,'2024-08-13 10:56:02'),
(234,31,64,'sold',1,'2024-08-13 10:56:02'),
(235,81,65,'sold',1,'2024-08-13 10:56:02'),
(236,36,63,'sold',1,'2024-08-13 10:56:02'),
(237,99,119,'lent',1,'2024-08-13 10:56:02'),
(238,155,72,'sold',1,'2024-08-13 10:56:02'),
(239,118,42,'sold',1,'2024-08-13 10:56:02'),
(240,101,17,'returned',1,'2024-08-13 10:56:02'),
(241,97,59,'lent',1,'2024-08-13 10:56:02'),
(242,11,6,'returned',1,'2024-08-13 10:56:02'),
(243,44,122,'lent',1,'2024-08-13 10:56:02'),
(244,53,107,'lent',1,'2024-08-13 10:56:02'),
(245,150,62,'returned',1,'2024-08-13 10:56:02'),
(246,73,40,'lent',0,'2024-08-13 10:56:02'),
(247,122,35,'lent',1,'2024-08-13 10:56:02'),
(248,21,37,'sold',0,'2024-08-13 10:56:02'),
(249,172,35,'sold',1,'2024-08-13 10:56:02'),
(250,89,42,'returned',1,'2024-08-13 10:56:02'),
(251,9,54,'sold',1,'2024-08-13 10:56:02'),
(252,1,86,'returned',1,'2024-08-13 10:56:02'),
(253,123,52,'returned',1,'2024-08-13 10:56:02'),
(254,44,59,'sold',1,'2024-08-13 10:56:02'),
(255,50,69,'lent',1,'2024-08-13 10:56:02'),
(256,98,12,'sold',1,'2024-08-13 10:56:02'),
(257,144,26,'sold',1,'2024-08-13 10:56:02'),
(258,68,79,'sold',0,'2024-08-13 10:56:02'),
(259,174,8,'sold',1,'2024-08-13 10:56:02'),
(260,71,25,'sold',1,'2024-08-13 10:56:02'),
(261,16,94,'sold',0,'2024-08-13 10:56:02'),
(262,67,14,'sold',1,'2024-08-13 10:56:02'),
(263,116,98,'returned',0,'2024-08-13 10:56:02'),
(264,120,11,'sold',1,'2024-08-13 10:56:02'),
(265,98,43,'returned',1,'2024-08-13 10:56:02'),
(266,33,38,'returned',1,'2024-08-13 10:56:02'),
(267,40,43,'returned',1,'2024-08-13 10:56:02'),
(268,133,55,'lent',1,'2024-08-13 10:56:02'),
(269,44,22,'returned',0,'2024-08-13 10:56:02'),
(270,62,22,'lent',1,'2024-08-13 10:56:02'),
(271,93,73,'lent',1,'2024-08-13 10:56:02'),
(272,28,124,'lent',1,'2024-08-13 10:56:02'),
(273,51,90,'returned',1,'2024-08-13 10:56:02'),
(274,37,118,'sold',1,'2024-08-13 10:56:02'),
(275,158,81,'sold',1,'2024-08-13 10:56:02'),
(276,30,62,'sold',0,'2024-08-13 10:56:02'),
(277,72,36,'lent',1,'2024-08-13 10:56:02'),
(278,76,23,'lent',1,'2024-08-13 10:56:02'),
(279,14,73,'sold',0,'2024-08-13 10:56:02'),
(280,160,4,'returned',1,'2024-08-13 10:56:02'),
(281,149,113,'lent',1,'2024-08-13 10:56:02'),
(282,130,24,'returned',0,'2024-08-13 10:56:02'),
(283,76,58,'lent',1,'2024-08-13 10:56:02'),
(284,107,126,'returned',1,'2024-08-13 10:56:02'),
(285,109,90,'sold',1,'2024-08-13 10:56:02'),
(286,139,14,'sold',1,'2024-08-13 10:56:02'),
(287,37,59,'sold',1,'2024-08-13 10:56:02'),
(288,6,58,'returned',1,'2024-08-13 10:56:02'),
(289,43,113,'sold',1,'2024-08-13 10:56:02'),
(290,14,125,'returned',0,'2024-08-13 10:56:02'),
(291,104,82,'returned',0,'2024-08-13 10:56:02'),
(292,46,112,'returned',1,'2024-08-13 10:56:02'),
(293,144,120,'sold',1,'2024-08-13 10:56:02'),
(294,145,17,'sold',1,'2024-08-13 10:56:02'),
(295,168,90,'returned',1,'2024-08-13 10:56:02'),
(296,100,66,'lent',1,'2024-08-13 10:56:02'),
(297,39,135,'returned',0,'2024-08-13 10:56:02'),
(298,71,18,'returned',1,'2024-08-13 10:56:02'),
(299,36,90,'lent',1,'2024-08-13 10:56:02'),
(300,117,42,'lent',1,'2024-08-13 10:56:02'),
(301,63,105,'sold',1,'2024-08-13 10:56:02'),
(302,64,119,'returned',1,'2024-08-13 10:56:02'),
(303,117,69,'returned',1,'2024-08-13 10:56:02'),
(304,6,11,'lent',1,'2024-08-13 10:56:02'),
(305,1,119,'sold',0,'2024-08-13 10:56:02'),
(306,70,132,'sold',1,'2024-08-13 10:56:02'),
(307,22,18,'lent',1,'2024-08-13 10:56:02'),
(308,9,51,'sold',1,'2024-08-13 10:56:02'),
(309,93,25,'returned',1,'2024-08-13 10:56:02'),
(310,112,71,'lent',1,'2024-08-13 10:56:02'),
(311,174,61,'sold',1,'2024-08-13 10:56:02'),
(312,10,103,'returned',1,'2024-08-13 10:56:02'),
(313,84,78,'lent',1,'2024-08-13 10:56:02'),
(314,91,11,'sold',1,'2024-08-13 10:56:02'),
(315,24,94,'sold',1,'2024-08-13 10:56:02'),
(316,49,127,'returned',0,'2024-08-13 10:56:02'),
(317,108,68,'lent',0,'2024-08-13 10:56:02'),
(318,158,64,'sold',1,'2024-08-13 10:56:02'),
(319,48,26,'returned',1,'2024-08-13 10:56:02'),
(320,14,134,'lent',1,'2024-08-13 10:56:02'),
(321,37,98,'returned',1,'2024-08-13 10:56:02'),
(322,130,65,'sold',1,'2024-08-13 10:56:02'),
(323,33,116,'sold',1,'2024-08-13 10:56:02'),
(324,97,72,'sold',1,'2024-08-13 10:56:02'),
(325,31,71,'sold',1,'2024-08-13 10:56:02'),
(326,106,102,'sold',1,'2024-08-13 10:56:02'),
(327,14,89,'returned',0,'2024-08-13 10:56:02'),
(328,61,72,'lent',1,'2024-08-13 10:56:02'),
(329,114,74,'lent',1,'2024-08-13 10:56:02'),
(330,114,88,'returned',1,'2024-08-13 10:56:02'),
(331,41,116,'sold',1,'2024-08-13 10:56:02'),
(332,149,73,'lent',1,'2024-08-13 10:56:02'),
(333,17,124,'sold',1,'2024-08-13 10:56:02'),
(334,70,57,'lent',1,'2024-08-13 10:56:02'),
(335,11,61,'returned',1,'2024-08-13 10:56:02'),
(336,72,48,'returned',1,'2024-08-13 10:56:02'),
(337,172,48,'sold',1,'2024-08-13 10:56:02'),
(338,86,71,'sold',1,'2024-08-13 10:56:02'),
(339,12,22,'lent',1,'2024-08-13 10:56:02'),
(340,142,12,'sold',0,'2024-08-13 10:56:02'),
(341,64,2,'returned',1,'2024-08-13 10:56:02'),
(342,89,101,'returned',1,'2024-08-13 10:56:02'),
(343,173,17,'returned',1,'2024-08-13 10:56:02'),
(344,161,100,'returned',1,'2024-08-13 10:56:02'),
(345,144,135,'returned',1,'2024-08-13 10:56:02'),
(346,10,89,'sold',1,'2024-08-13 10:56:02'),
(347,43,91,'sold',0,'2024-08-13 10:56:02'),
(348,66,54,'lent',1,'2024-08-13 10:56:02'),
(349,80,99,'lent',1,'2024-08-13 10:56:02'),
(350,45,90,'lent',1,'2024-08-13 10:56:02');
/*!40000 ALTER TABLE `operations` ENABLE KEYS */;
UNLOCK TABLES;
/*!40103 SET TIME_ZONE=@OLD_TIME_ZONE */;

/*!40101 SET SQL_MODE=@OLD_SQL_MODE */;
/*!40014 SET FOREIGN_KEY_CHECKS=@OLD_FOREIGN_KEY_CHECKS */;
/*!40014 SET UNIQUE_CHECKS=@OLD_UNIQUE_CHECKS */;
/*!40101 SET CHARACTER_SET_CLIENT=@OLD_CHARACTER_SET_CLIENT */;
/*!40101 SET CHARACTER_SET_RESULTS=@OLD_CHARACTER_SET_RESULTS */;
/*!40101 SET COLLATION_CONNECTION=@OLD_COLLATION_CONNECTION */;
/*!40111 SET SQL_NOTES=@OLD_SQL_NOTES */;

-- Dump completed on 2024-08-15 14:27:19
